Ref,Val,Package,PosX,PosY,Rot,Side
"C3","100nF","C_0603_1608Metric",124.250000,-86.800000,270.000000,bottom
"C4","100nF","C_0603_1608Metric",126.500000,-86.800000,270.000000,bottom
"D1","SP0503BAHT","SOT-143",121.700000,-84.900000,90.000000,bottom
